"videoId","textDisplay","textOriginal","authorDisplayName","authorProfileImageUrl","authorChannelUrl","authorChannelId.value","canRate","viewerRating","likeCount","publishedAt","updatedAt","id","parentId","moderationStatus"
"Se28XHI2_xE","Thank you; so very well presented!","Thank you; so very well presented!","james sandlin","https://yt3.ggpht.com/ytc/AL5GRJV_CPl7ENt8jUPE91ZMAAJP0D6nfoaXpZYrFz81w88=s48-c-k-c0x00ffffff-no-rj","http://www.youtube.com/channel/UCmZkNq-BPSKKrEIs1DOIi4g","UCmZkNq-BPSKKrEIs1DOIi4g","TRUE","none","0","2023-02-24T21:08:24Z","2023-02-24T21:08:24Z","Ugz98W0D9UV94maUTpd4AaABAg",NA,NA
"Se28XHI2_xE","I am clustered. thank you","I am clustered. thank you","Adem Hilmi BOZKURT","https://yt3.ggpht.com/ytc/AL5GRJXt0GLTthBf1T3K1xvbVcAPP_6fdDEVBTbNHGfIlQ=s48-c-k-c0x00ffffff-no-rj","http://www.youtube.com/channel/UCyAaZuqnPQA74vrHqE-XBXg","UCyAaZuqnPQA74vrHqE-XBXg","TRUE","none","0","2022-11-18T13:00:19Z","2022-11-18T13:00:19Z","UgxcPDlPk3bcqm_cW0d4AaABAg",NA,NA
"Se28XHI2_xE","Thanks","Thanks","Muhammed Nishad Kandath Saitharakath","https://yt3.ggpht.com/ytc/AL5GRJXHWZ41Yr3eo2pGSI4XGc17jihGv_-h8jE92KV17Q=s48-c-k-c0x00ffffff-no-rj","http://www.youtube.com/channel/UCKN1clPwvrOcYCAe6RSeHUQ","UCKN1clPwvrOcYCAe6RSeHUQ","TRUE","none","0","2022-11-12T17:41:49Z","2022-11-12T17:41:49Z","UgwaT1wquFi1KMXCBGB4AaABAg",NA,NA
"Se28XHI2_xE","ty","ty","MicroStick69","https://yt3.ggpht.com/ytc/AL5GRJU7dPCa9AGUULnjw0QXrQUCzjf480WsOofgULoL9g=s48-c-k-c0x00ffffff-no-rj","http://www.youtube.com/channel/UC9SFjGg0NUPhZ_POIo-ZzWA","UC9SFjGg0NUPhZ_POIo-ZzWA","TRUE","none","0","2022-11-05T20:44:03Z","2022-11-05T20:44:03Z","UgzVBd-2rFMgTCcI5Xl4AaABAg",NA,NA
"Se28XHI2_xE","Great job!","Great job!","Elham Ullah Babur","https://yt3.ggpht.com/ytc/AL5GRJVkiVpPlODOH3-4PI2I78Tnw06S9en0V9dqYbjmlg=s48-c-k-c0x00ffffff-no-rj","http://www.youtube.com/channel/UCdza0AIYm_TRYv3AxcTafJg","UCdza0AIYm_TRYv3AxcTafJg","TRUE","none","0","2022-11-03T18:25:00Z","2022-11-03T18:25:00Z","UgxCgB50-S6tP_TYaJ94AaABAg",NA,NA
"Se28XHI2_xE","Amazing explanation! Thanks!","Amazing explanation! Thanks!","Luiz Felipe Ver√ßosa","https://yt3.ggpht.com/ytc/AL5GRJXDnpWrXTu7ceLygDWyZ2_YlfEX3yEBwbQRFHgI_GM=s48-c-k-c0x00ffffff-no-rj","http://www.youtube.com/channel/UCPPIJYDdrNxY7Bsh4c96qDA","UCPPIJYDdrNxY7Bsh4c96qDA","TRUE","none","0","2022-09-19T14:33:30Z","2022-09-19T14:33:30Z","UgxMbT8FKgIVTCwKElN4AaABAg",NA,NA
"Se28XHI2_xE","tqsm <a href=""about:invalid#zCSafez""></a>","tqsm ","SURENDRAKUMAR R","https://yt3.ggpht.com/t1TTJJNC3yBO_4lfIPwQ3sBAKPlp-aI6D6ll2mSI6tWkTsmhtH3XNxKDv8_9x7TdyCzg7hcO3qk=s48-c-k-c0x00ffffff-no-rj","http://www.youtube.com/channel/UC0NW6so0SWDroqzlVoIh13w","UC0NW6so0SWDroqzlVoIh13w","TRUE","none","0","2022-05-31T16:08:14Z","2022-05-31T16:08:14Z","UgyabbwFPIojz1PWjY54AaABAg",NA,NA
"Se28XHI2_xE","this is interesting.  What happened to the other hierarchical methods that centroid belongs to?","this is interesting.  What happened to the other hierarchical methods that centroid belongs to?","pensive nincompoop","https://yt3.ggpht.com/ytc/AL5GRJUnnES1yBcJEx_KItRv66npTYNouQgJxWyMxYpIAA=s48-c-k-c0x00ffffff-no-rj","http://www.youtube.com/channel/UCtmQAy3q-r-pJnJKTQsqUCA","UCtmQAy3q-r-pJnJKTQsqUCA","TRUE","none","0","2022-05-24T18:03:04Z","2022-05-24T18:03:04Z","UgyxEg6jLEucxCXBMeZ4AaABAg",NA,NA
"Se28XHI2_xE","Thanks for the great review!","Thanks for the great review!","Glenn Zarmanov","https://yt3.ggpht.com/ytc/AL5GRJVGanfXUPy8YmY7ymmbeVweaplvCSfSS27HtOMwdQ=s48-c-k-c0x00ffffff-no-rj","http://www.youtube.com/channel/UCr5pD_25O46ae55ZrWhhMQw","UCr5pD_25O46ae55ZrWhhMQw","TRUE","none","0","2022-04-20T16:16:29Z","2022-04-20T16:16:29Z","UgwwmCXW-ZRGO6XenGV4AaABAg",NA,NA
"Se28XHI2_xE","this was really good. thank you","this was really good. thank you","Chris Hargis","https://yt3.ggpht.com/ytc/AL5GRJWsZIhc-4Xaa8pIsTt9OFOE9lLYLk18nW0UiDEGgw=s48-c-k-c0x00ffffff-no-rj","http://www.youtube.com/channel/UC2zwJVP8vhuiTYHpUbezytA","UC2zwJVP8vhuiTYHpUbezytA","TRUE","none","0","2022-04-11T21:18:21Z","2022-04-11T21:18:21Z","Ugx0QoquLPQhMqehqzV4AaABAg",NA,NA
"Se28XHI2_xE","Thank you for your great explanation. Its easy to catch up üòä","Thank you for your great explanation. Its easy to catch up üòä","Rita Gultom","https://yt3.ggpht.com/ytc/AL5GRJXdQFawxTZvwo_ic3mPzFZJEGD87Vu9agDzfUdEhw=s48-c-k-c0x00ffffff-no-rj","http://www.youtube.com/channel/UCWoqHI5sN6uFVxC0KsXjdWQ","UCWoqHI5sN6uFVxC0KsXjdWQ","TRUE","none","0","2022-03-11T13:57:57Z","2022-03-11T13:57:57Z","UgzgiivVvw7J7JGgerF4AaABAg",NA,NA
"Se28XHI2_xE","Very informativeüëç....where does K-Means clustering belong?","Very informativeüëç....where does K-Means clustering belong?","Marvin Gorospe","https://yt3.ggpht.com/ytc/AL5GRJXo8pg_a0WxXrC3Q_6iXLPxWoa4p2HVV0r-wvhoKg=s48-c-k-c0x00ffffff-no-rj","http://www.youtube.com/channel/UC_cGsqawz6KmFY1J9bWCCaQ","UC_cGsqawz6KmFY1J9bWCCaQ","TRUE","none","0","2022-03-10T03:42:17Z","2022-03-10T03:42:17Z","Ugyz7uR8G_J6Wtzh1Cl4AaABAg",NA,NA
"Se28XHI2_xE","Well done!","Well done!","Smith","https://yt3.ggpht.com/ytc/AL5GRJVhNs0QeepjJsPMrWmAqSg4iIR-ezaghOf3miBg6wCMnjxHzbZTScmgi3lirNzF=s48-c-k-c0x00ffffff-no-rj","http://www.youtube.com/channel/UCZ9MdMvSzM-z9PPkDoZo5oQ","UCZ9MdMvSzM-z9PPkDoZo5oQ","TRUE","none","0","2022-02-28T17:53:52Z","2022-02-28T17:53:52Z","UgxGKE5p1fux17Q2xv54AaABAg",NA,NA
"Se28XHI2_xE","Very good explanation :)","Very good explanation :)","Monish Keswani","https://yt3.ggpht.com/ytc/AL5GRJV6mUpjOFH8ZN0ZptG4cCR9vzJCzVMpHL1tR3Flkg=s48-c-k-c0x00ffffff-no-rj","http://www.youtube.com/channel/UCH4PLgawKqHyFnWkjRaZANA","UCH4PLgawKqHyFnWkjRaZANA","TRUE","none","0","2022-02-21T23:21:20Z","2022-02-21T23:21:20Z","Ugzobaeix0B_KzIdoYB4AaABAg",NA,NA
"Se28XHI2_xE","Thanks so much for this! It&#39;s really useful<br>I am wondering if anyone has advice on how I could run a connectivity-based cluster analysis. I have a dataset that includes different VC firms and the companies they have invested in. I&#39;d like to organize the data to see which companies overlap the most in terms of the investments they made. <br>Is this possible in excel?","Thanks so much for this! It's really useful
I am wondering if anyone has advice on how I could run a connectivity-based cluster analysis. I have a dataset that includes different VC firms and the companies they have invested in. I'd like to organize the data to see which companies overlap the most in terms of the investments they made. 
Is this possible in excel?","Ron Johnson","https://yt3.ggpht.com/ytc/AL5GRJVTVrinp28JG6cMQc476_quiIui2UmSwB6-hA=s48-c-k-c0x00ffffff-no-rj","http://www.youtube.com/channel/UC-HulS_IqbqlLAqfdODbCIA","UC-HulS_IqbqlLAqfdODbCIA","TRUE","none","0","2022-01-06T20:14:10Z","2022-01-06T20:14:10Z","UgyhtwpATKAtKee41Ud4AaABAg",NA,NA
"Se28XHI2_xE","This is very underrated and this needs more attention also why&#39;d you guys stop uploading ! :( We need more of this !","This is very underrated and this needs more attention also why'd you guys stop uploading ! :( We need more of this !","Alpha Wolf","https://yt3.ggpht.com/ytc/AL5GRJWmcEbNMZGmcQEPr9gMfk8BIwiHbs84o0TOnA=s48-c-k-c0x00ffffff-no-rj","http://www.youtube.com/channel/UCNlce9epbGlDi5NAYgb7gLA","UCNlce9epbGlDi5NAYgb7gLA","TRUE","none","0","2021-12-21T15:14:32Z","2021-12-21T15:14:32Z","UgzPvmjA1fJvwrW7Gm54AaABAg",NA,NA
"Se28XHI2_xE","very good","very good","Ramon Gascon Estadella","https://yt3.ggpht.com/ytc/AL5GRJXaiFMGOpoTE1DgTOPItsybIIJEdDHRGJ7JLg=s48-c-k-c0x00ffffff-no-rj","http://www.youtube.com/channel/UChJMsmYazBeVshyecL30bqw","UChJMsmYazBeVshyecL30bqw","TRUE","none","0","2021-12-14T07:57:15Z","2021-12-14T07:57:15Z","UgxZ9eXXAlV0YWWQXJB4AaABAg",NA,NA
"Se28XHI2_xE","I wish she could be my instructor at my university.","I wish she could be my instructor at my university.","Blink Drive","https://yt3.ggpht.com/ytc/AL5GRJU1rV9B9tfyQs6_0Y4IbwT_CS4ql1m0kr4Hrxtl=s48-c-k-c0x00ffffff-no-rj","http://www.youtube.com/channel/UCOkA9K8reiBuTnoL7nehmiw","UCOkA9K8reiBuTnoL7nehmiw","TRUE","none","0","2021-12-03T19:23:15Z","2021-12-03T19:23:15Z","Ugyd0cWymcTjlCRAKNV4AaABAg",NA,NA
"Se28XHI2_xE","Audio is really bad in this video, it gives me a headache however it is an excelent video.","Audio is really bad in this video, it gives me a headache however it is an excelent video.","Luv TV","https://yt3.ggpht.com/ytc/AL5GRJVwY_R2iknQQV2ta6raaWHV-Hlm_HJ8ctx4YkB1Fg=s48-c-k-c0x00ffffff-no-rj","http://www.youtube.com/channel/UC2qwFUNIBGCZH-dJtG0gpRw","UC2qwFUNIBGCZH-dJtG0gpRw","TRUE","none","0","2021-11-25T17:26:37Z","2021-11-25T17:26:37Z","UgzEX5rsxx4rFiG7o1J4AaABAg",NA,NA
"Se28XHI2_xE","I understood every single thing in this video.  I don&#39;t think I can say that for any data science video I&#39;ve ever seen.","I understood every single thing in this video.  I don't think I can say that for any data science video I've ever seen.","kepstein8888","https://yt3.ggpht.com/ytc/AL5GRJUDw-o2uvVbHpcRxz26MptSx0YdbMZq-Qe7iA=s48-c-k-c0x00ffffff-no-rj","http://www.youtube.com/channel/UCoxGwKOLd68iU6JlQLWI9Kg","UCoxGwKOLd68iU6JlQLWI9Kg","TRUE","none","0","2021-11-25T14:23:05Z","2021-11-25T14:23:05Z","Ugy0PdKMYIjJMEsSb2F4AaABAg",NA,NA
"Se28XHI2_xE","Thanks","Thanks","Tewodros Gebre","https://yt3.ggpht.com/ytc/AL5GRJUAtx1JsB-ZSilVEWquTSTSO1TMlMf_heHwNNb2c0pG8dj0A6Bwb2fmgxqwYyfZ=s48-c-k-c0x00ffffff-no-rj","http://www.youtube.com/channel/UCUzUHaMy4tQsdBLqMnIlkjA","UCUzUHaMy4tQsdBLqMnIlkjA","TRUE","none","0","2021-11-17T15:37:33Z","2021-11-17T15:37:33Z","UgxMmQDqaXOKrsy_ARN4AaABAg",NA,NA
"Se28XHI2_xE","It might help to say what variables you&#39;re plotting on the axes. :)","It might help to say what variables you're plotting on the axes. :)","Gautam Sethi","https://yt3.ggpht.com/ytc/AL5GRJXfXoYo7VX5hOb4Oj_FP-8KcnSy7RZa0Z_SIe_v1g=s48-c-k-c0x00ffffff-no-rj","http://www.youtube.com/channel/UC1nd1O8eJjzMWx9-4502s7g","UC1nd1O8eJjzMWx9-4502s7g","TRUE","none","1","2021-11-12T14:28:48Z","2021-11-12T14:28:48Z","UgyvXvN35NzGSTSJJnR4AaABAg",NA,NA
"Se28XHI2_xE","Amazon decoded, thanks for such clear and informative explanation. Your explanation is great in depth.üëç","Amazon decoded, thanks for such clear and informative explanation. Your explanation is great in depth.üëç","Haad Bajwa","https://yt3.ggpht.com/ytc/AL5GRJXc9KYHkE7iNlJzE92Eo_Wnt8enlgQVuL_p-Hkyqg=s48-c-k-c0x00ffffff-no-rj","http://www.youtube.com/channel/UCPMUEqR1ueRVC9pNHT2x_AA","UCPMUEqR1ueRVC9pNHT2x_AA","TRUE","none","0","2021-11-10T12:12:16Z","2021-11-10T12:12:16Z","UgwtYbw4F6HHVRA5s814AaABAg",NA,NA
"Se28XHI2_xE","<a href=""about:invalid#zCSafez""></a>I just fell in love for 8.52 min when Tessa is teaching.","I just fell in love for 8.52 min when Tessa is teaching.","Pavitra Mandal","https://yt3.ggpht.com/ytc/AL5GRJUhg0oh7xchYNsZgm3zpE_y_dRxLL3XBYGGx7Jq-hI=s48-c-k-c0x00ffffff-no-rj","http://www.youtube.com/channel/UC4WB4olR1N-jBSewGkqkHCQ","UC4WB4olR1N-jBSewGkqkHCQ","TRUE","none","0","2021-10-30T04:39:29Z","2021-10-30T04:39:29Z","UgzJPdMC1coOL65syhR4AaABAg",NA,NA
"Se28XHI2_xE","Jesus I&#39;m going to fail this class","Jesus I'm going to fail this class","MilkBased","https://yt3.ggpht.com/ytc/AL5GRJXQ51Sl-SktlTTrphYjHwybKocy8B7AYtgnX9_fjQ=s48-c-k-c0x00ffffff-no-rj","http://www.youtube.com/channel/UCKFJ3G0DaeYYssKdLd-H1KQ","UCKFJ3G0DaeYYssKdLd-H1KQ","TRUE","none","0","2021-10-18T13:52:53Z","2021-10-18T13:52:53Z","UgxJNIXuVNLlrySg-VF4AaABAg",NA,NA
"Se28XHI2_xE","Why did you stop posting videos","Why did you stop posting videos","UTKARSH SHARMA","https://yt3.ggpht.com/ytc/AL5GRJWCJMgOV7q-NmadxAubJ8wzEDWEjTSp1BwSImnbIg=s48-c-k-c0x00ffffff-no-rj","http://www.youtube.com/channel/UCe41Q4UQn8jdJ2pUo5tA7HA","UCe41Q4UQn8jdJ2pUo5tA7HA","TRUE","none","0","2021-10-04T16:20:41Z","2021-10-04T16:20:41Z","UgwviiD8sB8bjm62QL14AaABAg",NA,NA
"Se28XHI2_xE","ill have my coming out as a fish people right here!","ill have my coming out as a fish people right here!","DennyCraneReloaded","https://yt3.ggpht.com/ytc/AL5GRJUj5zayXR12x8IkEB1jEkkQnlMggPfazf6vog=s48-c-k-c0x00ffffff-no-rj","http://www.youtube.com/channel/UCvYScVYDgITwgNVw72nAesQ","UCvYScVYDgITwgNVw72nAesQ","TRUE","none","0","2021-10-03T08:40:33Z","2021-10-03T08:40:33Z","UgwD4KRlR1_8ba-6EVd4AaABAg",NA,NA
"Se28XHI2_xE","You are so sexy..ü§§","You are so sexy..ü§§","Yasir Memon","https://yt3.ggpht.com/4EFLWB-K5qAF_ewYo2iNvOEn1gqjtiE0GSmXee2FFCL4iulNw3ELx2NLaWGDsTsai38D8333E3o=s48-c-k-c0x00ffffff-no-rj","http://www.youtube.com/channel/UCKqeV-hMBVeJb70_IEfLamQ","UCKqeV-hMBVeJb70_IEfLamQ","TRUE","none","0","2021-09-20T19:06:16Z","2021-09-20T19:06:16Z","UgyPIk8LvjoP0E19V614AaABAg",NA,NA
"Se28XHI2_xE","Excellent!","Excellent!","OXYCOPE","https://yt3.ggpht.com/ytc/AL5GRJXve1z3ZOM7krhNkJPQRN5eR0IsmRe4qeiiQZMt=s48-c-k-c0x00ffffff-no-rj","http://www.youtube.com/channel/UCNhupLonFoCWv6GowGMYwMg","UCNhupLonFoCWv6GowGMYwMg","TRUE","none","0","2021-09-02T09:54:47Z","2021-09-02T09:54:47Z","UgyjmAW_OFT-vXtcX2x4AaABAg",NA,NA
"Se28XHI2_xE","thank you","thank you","Jonny Holzbein","https://yt3.ggpht.com/ytc/AL5GRJU3kPnOhH3MbrHyKNop_CpILyAt8RUCLEQjsA=s48-c-k-c0x00ffffff-no-rj","http://www.youtube.com/channel/UCVwA4vQXxruVjB0RzRh4UWg","UCVwA4vQXxruVjB0RzRh4UWg","TRUE","none","0","2021-08-27T16:17:12Z","2021-08-27T16:17:12Z","UgweYAFRV2i8rKLKNkJ4AaABAg",NA,NA
"Se28XHI2_xE","Thanx mam it really help ful‚ù§Ô∏è","Thanx mam it really help ful‚ù§Ô∏è","Mohmmed Jilani babu","https://yt3.ggpht.com/ytc/AL5GRJVKePz1Z_7MkbQl0eaBqjKcr6EoYpJYs1_0G06t1w=s48-c-k-c0x00ffffff-no-rj","http://www.youtube.com/channel/UChBGBS6N6O-gl1VkF564Tzg","UChBGBS6N6O-gl1VkF564Tzg","TRUE","none","1","2021-08-11T07:07:42Z","2021-08-11T07:07:42Z","UgyRTa-FbQCd47KNn6R4AaABAg",NA,NA
"Se28XHI2_xE","I&#39;m a little sad the last video is from 2018. I whish there were  mre of these..","I'm a little sad the last video is from 2018. I whish there were  mre of these..","Hristina Nacheva","https://yt3.ggpht.com/ytc/AL5GRJXSGg9V4V-whjnH1-nL3fJcVHCcy3GxCGxPhw=s48-c-k-c0x00ffffff-no-rj","http://www.youtube.com/channel/UChPFl-CNDT2cuY8ED8yg1oA","UChPFl-CNDT2cuY8ED8yg1oA","TRUE","none","0","2021-08-05T09:20:50Z","2021-08-05T09:20:50Z","Ugx01YM13zF9u1z_3R94AaABAg",NA,NA
"Se28XHI2_xE","That was very good and helpful, thank you :)","That was very good and helpful, thank you :)","Sneha Chitre","https://yt3.ggpht.com/ytc/AL5GRJUaeGhVnes_1UfHcCFBce5IQIK8MfjGnvgrjTDuCQ=s48-c-k-c0x00ffffff-no-rj","http://www.youtube.com/channel/UCwfdpzjZ7dMBzxfNrUwv-xQ","UCwfdpzjZ7dMBzxfNrUwv-xQ","TRUE","none","0","2021-07-10T16:31:53Z","2021-07-10T16:31:53Z","Ugz_JycPX5FeNK9HOe54AaABAg",NA,NA
"Se28XHI2_xE","Data Science wednesday... love it ha ha.. Thank you for the video.","Data Science wednesday... love it ha ha.. Thank you for the video.","Steven Wilson","https://yt3.ggpht.com/ytc/AL5GRJUp3Tw9UjbYAXEeEZRvn5jfQR675u4oM-d4nZ43=s48-c-k-c0x00ffffff-no-rj","http://www.youtube.com/channel/UCPVSRtI8sET0ZpSSvpDoGRw","UCPVSRtI8sET0ZpSSvpDoGRw","TRUE","none","0","2021-06-18T17:01:00Z","2021-06-18T17:01:00Z","Ugyxo7mn5o43D2HZ-ax4AaABAg",NA,NA
"Se28XHI2_xE","Great great great explanation!!! You saved my life. Thank you soooo very much! and agree about very cool energies!! :)","Great great great explanation!!! You saved my life. Thank you soooo very much! and agree about very cool energies!! :)","Mayra Medina","https://yt3.ggpht.com/ytc/AL5GRJVnmVyWkZcL0MD6HY3qmFAL4jUCapSWrSD8ww=s48-c-k-c0x00ffffff-no-rj","http://www.youtube.com/channel/UC68DjMj0K0Go-5XxQS0UzWQ","UC68DjMj0K0Go-5XxQS0UzWQ","TRUE","none","0","2021-06-14T01:48:27Z","2021-06-14T01:48:27Z","Ugwb2_u92YVxIIbfNdR4AaABAg",NA,NA
"Se28XHI2_xE","thank you!","thank you!","cian cian","https://yt3.ggpht.com/ytc/AL5GRJUX5-gPU4vqT9bWPzCKoFLh6lUTUptco-YnbaQP=s48-c-k-c0x00ffffff-no-rj","http://www.youtube.com/channel/UCD7DY-TD3TM3cFGky-qZnUw","UCD7DY-TD3TM3cFGky-qZnUw","TRUE","none","0","2021-06-04T10:13:04Z","2021-06-04T10:13:04Z","UgyL9tHrDRamo3FRF5F4AaABAg",NA,NA
"Se28XHI2_xE","very helpful..................my DREAMS from Somalia","very helpful..................my DREAMS from Somalia","Ayub A Alim","https://yt3.ggpht.com/ytc/AL5GRJWBt_ezCKjLUmNaGeAdOJ_MoDLjub5Aw-2C7g=s48-c-k-c0x00ffffff-no-rj","http://www.youtube.com/channel/UCNGHNtTUjM_Z8hOviVd3iNw","UCNGHNtTUjM_Z8hOviVd3iNw","TRUE","none","0","2021-05-26T01:34:15Z","2021-05-26T01:34:15Z","Ugw5TjrblaRVm_0nj254AaABAg",NA,NA
"Se28XHI2_xE","Nicely presented.","Nicely presented.","Dean Conis","https://yt3.ggpht.com/ytc/AL5GRJWAdMwDdMsvdtgIDrz5w7_sct0gceK5CQEk1jcLpn0=s48-c-k-c0x00ffffff-no-rj","http://www.youtube.com/channel/UCwcHDtpjw6VF5KCGZJuDFrg","UCwcHDtpjw6VF5KCGZJuDFrg","TRUE","none","0","2021-05-05T11:48:25Z","2021-05-05T11:48:25Z","UgwooD-Hbxrn6p32eXV4AaABAg",NA,NA
"Se28XHI2_xE","thank you for you time","thank you for you time","Yassir Acharki","https://yt3.ggpht.com/ytc/AL5GRJUcxw4DgYCm_KNb6HwhBxHzjlsTNtzKlivWLoUuzw=s48-c-k-c0x00ffffff-no-rj","http://www.youtube.com/channel/UC5UyqNPmzNPALs86yhsrzxQ","UC5UyqNPmzNPALs86yhsrzxQ","TRUE","none","0","2021-03-09T19:33:31Z","2021-03-09T19:33:42Z","Ugxq9d5tYfTDueA071l4AaABAg",NA,NA
"Se28XHI2_xE","is connectivity clustering = hierarchical clustering ???","is connectivity clustering = hierarchical clustering ???","Yassir Acharki","https://yt3.ggpht.com/ytc/AL5GRJUcxw4DgYCm_KNb6HwhBxHzjlsTNtzKlivWLoUuzw=s48-c-k-c0x00ffffff-no-rj","http://www.youtube.com/channel/UC5UyqNPmzNPALs86yhsrzxQ","UC5UyqNPmzNPALs86yhsrzxQ","TRUE","none","0","2021-03-09T19:30:26Z","2021-03-09T19:30:26Z","Ugzz98QMmr8t6uYlcXJ4AaABAg",NA,NA
"Se28XHI2_xE","so well explained. thank you, this video was really helpful!","so well explained. thank you, this video was really helpful!","Jasmine F","https://yt3.ggpht.com/ytc/AL5GRJUxirOiCfr0zUiK_4T4_GGf4ZzLLu9MQinWrw=s48-c-k-c0x00ffffff-no-rj","http://www.youtube.com/channel/UCCzyWIm0JYTxwexJ1tM0Y-Q","UCCzyWIm0JYTxwexJ1tM0Y-Q","TRUE","none","1","2021-02-25T09:02:10Z","2021-02-25T09:02:10Z","UgwWE3lW1oYUqX7F0ep4AaABAg",NA,NA
"Se28XHI2_xE","Why did you stop to make a video? <br>I liked your content, and the explanation is straightforward to understand. <br><br>Please continue to make a video.","Why did you stop to make a video? 
I liked your content, and the explanation is straightforward to understand. 

Please continue to make a video.","Spirit_Peace","https://yt3.ggpht.com/ytc/AL5GRJUtdO8jE0PvovlnGoNHqXNJ1RrLkWZ9ia0QHcJ1rg=s48-c-k-c0x00ffffff-no-rj","http://www.youtube.com/channel/UCXTKZ05g4V9qXwKg5F7cppA","UCXTKZ05g4V9qXwKg5F7cppA","TRUE","none","0","2021-02-15T19:19:53Z","2021-02-15T19:19:53Z","UgwporPNsUB8T-0VjMp4AaABAg",NA,NA
"Se28XHI2_xE","very well explained, thank you for the video.. but just wondering why do we always have to pretend and assume in stats","very well explained, thank you for the video.. but just wondering why do we always have to pretend and assume in stats","Mind & Body Wellness by Madhu","https://yt3.ggpht.com/fRqV4FOhmsWN9J8sP7hbK7_5eumcWHzyDxOfPpDSgGfvADTGiWMdDnH5duXKcyvLUdN6UrUo2TU=s48-c-k-c0x00ffffff-no-rj","http://www.youtube.com/channel/UCjbd6Y8MU2ktL2n4jqRlu5g","UCjbd6Y8MU2ktL2n4jqRlu5g","TRUE","none","0","2021-02-05T04:01:37Z","2021-02-05T04:01:59Z","Ugxrdu3qoeiw04ca_Jx4AaABAg",NA,NA
"Se28XHI2_xE","üëçüëçüåù","üëçüëçüåù","Lakeside mission","https://yt3.ggpht.com/ytc/AL5GRJWtPanw3Lu13uUnnWFZ16oL4mRZQG1Sj1ActC1MRw=s48-c-k-c0x00ffffff-no-rj","http://www.youtube.com/channel/UCanVnFfC16T23sD22nzqKfw","UCanVnFfC16T23sD22nzqKfw","TRUE","none","1","2021-01-31T21:48:15Z","2021-01-31T21:48:15Z","UgxHfRbiUcvOwSavir14AaABAg",NA,NA
"Se28XHI2_xE","Explained in detail ,nice.<br>Cluster analysis is explained in simple words in the below blog.<br><a href=""https://ba4ibs.blogspot.com/2020/12/cluster-analysis-4-icfai-business.html"">https://ba4ibs.blogspot.com/2020/12/cluster-analysis-4-icfai-business.html</a>","Explained in detail ,nice.
Cluster analysis is explained in simple words in the below blog.
https://ba4ibs.blogspot.com/2020/12/cluster-analysis-4-icfai-business.html","0408 - HAREEN SANKAR KARANAM","https://yt3.ggpht.com/ytc/AL5GRJW-UXcHaSWBccjKnzeM495-PuGPvZklLUL-BZyJmg=s48-c-k-c0x00ffffff-no-rj","http://www.youtube.com/channel/UCFwfRUIaj9PHn-2Q0Tdy2TQ","UCFwfRUIaj9PHn-2Q0Tdy2TQ","TRUE","none","0","2021-01-12T16:00:49Z","2021-01-12T16:00:49Z","UgwOv-e_IdC-qzJPqDp4AaABAg",NA,NA
"Se28XHI2_xE","Very good stuff, just straight up understandable like it should be!!","Very good stuff, just straight up understandable like it should be!!","Kid Power","https://yt3.ggpht.com/ytc/AL5GRJVO1S4ZDaifr2-ToAxD7wN2zCKFV4d03dv7-nX8=s48-c-k-c0x00ffffff-no-rj","http://www.youtube.com/channel/UC4LaW4SzchU946h6K45OYiw","UC4LaW4SzchU946h6K45OYiw","TRUE","none","0","2020-12-06T20:02:19Z","2020-12-06T20:02:19Z","UgzOhs85BeH5EC-cGR94AaABAg",NA,NA
"Se28XHI2_xE","This was incredibly clear!","This was incredibly clear!","Tom√°≈° Mi≈°kov","https://yt3.ggpht.com/ytc/AL5GRJVL3nGyk2wbgYxnztf9tXrZFzJ-8s3dIMgnYYejJw=s48-c-k-c0x00ffffff-no-rj","http://www.youtube.com/channel/UCUaOtnzPiHKSIAsM_Nu6-bQ","UCUaOtnzPiHKSIAsM_Nu6-bQ","TRUE","none","1","2020-12-05T07:34:32Z","2020-12-05T07:34:32Z","UgzWpTaKUs9dtBBxm3V4AaABAg",NA,NA
"Se28XHI2_xE","Amazing tutorial, Thank you! I have one question: How would you know when to use what if you can&#39;t visualize data since it has multiple features? -&gt; use pca to reduce dimensionality then plot and then use un-reduced data to train??","Amazing tutorial, Thank you! I have one question: How would you know when to use what if you can't visualize data since it has multiple features? -> use pca to reduce dimensionality then plot and then use un-reduced data to train??","Haneul Kim","https://yt3.ggpht.com/ytc/AL5GRJXaoaQ0QjDMQlRV5kVx3F6B292yuHyDTebYtQ=s48-c-k-c0x00ffffff-no-rj","http://www.youtube.com/channel/UCDsM1fw7WLttXudIfieCYow","UCDsM1fw7WLttXudIfieCYow","TRUE","none","5","2020-11-30T11:00:37Z","2020-11-30T11:00:37Z","UgylBQra16GCe_GzIXN4AaABAg",NA,NA
"Se28XHI2_xE","It&#39;s so awesome, so understandable and easy to learn. <br>I hope watch more and more lecture from you.<br>Tnxfull","It's so awesome, so understandable and easy to learn. 
I hope watch more and more lecture from you.
Tnxfull","Ahmadreza Sharifian","https://yt3.ggpht.com/ytc/AL5GRJUAbZvXCrTZALWIyBaJ3fcmJ3p0q2GfJyrMVQ9pZ8U=s48-c-k-c0x00ffffff-no-rj","http://www.youtube.com/channel/UCNVpRtz9_bjXru4YlLUkV_w","UCNVpRtz9_bjXru4YlLUkV_w","TRUE","none","1","2020-11-21T17:48:27Z","2020-11-21T17:48:27Z","Ugz4bbeBV9nRSN2eL214AaABAg",NA,NA
"Se28XHI2_xE","Connectivity Clustering reminds me to Graph Database Technology...","Connectivity Clustering reminds me to Graph Database Technology...","The Harpan","https://yt3.ggpht.com/ytc/AL5GRJVG3jsWn_EIbg6pHPKk9F_fBlwKxqJYK1Nz2ioAUg=s48-c-k-c0x00ffffff-no-rj","http://www.youtube.com/channel/UCQQhvbClEX03abVAtUH3i1A","UCQQhvbClEX03abVAtUH3i1A","TRUE","none","0","2020-11-03T17:06:18Z","2020-11-03T17:06:18Z","Ugx0wAtus-yPwXH29eF4AaABAg",NA,NA
"Se28XHI2_xE","Your very beautiful madam","Your very beautiful madam","Prathap","https://yt3.ggpht.com/22djTjEUh9xFxQkAsQrrdDQ-Xl4e96RdOILc8R5K655rcICjTnrFsnLa88YCKXI_L9EvNzy9PQ=s48-c-k-c0x00ffffff-no-rj","http://www.youtube.com/channel/UCUAJTpwTGi4JYZuXsjinr5A","UCUAJTpwTGi4JYZuXsjinr5A","TRUE","none","0","2020-11-01T13:14:50Z","2020-11-01T13:15:02Z","UgxFudIgQkDfp7U03_B4AaABAg",NA,NA
"Se28XHI2_xE","Can you give me your WhatsApp number... wanna talk with you ü•∞","Can you give me your WhatsApp number... wanna talk with you ü•∞","Gamer Thala","https://yt3.ggpht.com/ytc/AL5GRJWKoUUyAtKtMPTv32EgiOGzpGhlWgrIDmwQkyWUAQ=s48-c-k-c0x00ffffff-no-rj","http://www.youtube.com/channel/UCBzc_kVv22ZVjRNBZgcc_ow","UCBzc_kVv22ZVjRNBZgcc_ow","TRUE","none","1","2020-10-20T18:19:48Z","2020-10-20T18:19:48Z","UgwTHx7P9UNKs6labf94AaABAg",NA,NA
"Se28XHI2_xE","Thanks for this awesome explanation helped me in my DP100 Exam. Thanks from J&amp;K India.","Thanks for this awesome explanation helped me in my DP100 Exam. Thanks from J&K India.","The Architect","https://yt3.ggpht.com/ytc/AL5GRJXgyModruGaihlAA-YbUEt2XC8u9g1AlW84cAq4=s48-c-k-c0x00ffffff-no-rj","http://www.youtube.com/channel/UCHlgK0Jso77zcm9SD-OHd2Q","UCHlgK0Jso77zcm9SD-OHd2Q","TRUE","none","0","2020-10-18T14:29:16Z","2020-10-18T14:29:16Z","UgylsMcPpNo0JThOTOV4AaABAg",NA,NA
"Se28XHI2_xE","Thank you! Best introduction by details/time spent.","Thank you! Best introduction by details/time spent.","meltbana","https://yt3.ggpht.com/ytc/AL5GRJXkHqiI1w-m6vBEtVjz1NnTj2x6094B6B-jSw=s48-c-k-c0x00ffffff-no-rj","http://www.youtube.com/channel/UCoere8y1KadApQro_3S3X5w","UCoere8y1KadApQro_3S3X5w","TRUE","none","2","2020-09-17T15:15:43Z","2020-09-17T15:15:43Z","Ugw34Y09bh4qWrgtH-N4AaABAg",NA,NA
"Se28XHI2_xE","So much needed to get an overview of a high-level classification of clustering algorithms.","So much needed to get an overview of a high-level classification of clustering algorithms.","Sayan Dey","https://yt3.ggpht.com/yvsYK575XmS1L68MAuGa9mahOfwJKaXtFt3926tqq7k7nqv3XoRwauvM-KXmcKBdgddRxaQsMA=s48-c-k-c0x00ffffff-no-rj","http://www.youtube.com/channel/UC1Xi3hCgNY8muo5CDWNxvlg","UC1Xi3hCgNY8muo5CDWNxvlg","TRUE","none","7","2020-09-10T13:55:00Z","2020-09-10T13:55:00Z","UgyG19sG_-FimNvCezN4AaABAg",NA,NA
"Se28XHI2_xE","Email ID please","Email ID please","Abid Ur Rehman","https://yt3.ggpht.com/ytc/AL5GRJVBNer_qYjrgF2UmerDC46RtruqTAkfCUs_z6nCOA=s48-c-k-c0x00ffffff-no-rj","http://www.youtube.com/channel/UCIdW-2DrUuImAxWBiT8DKJA","UCIdW-2DrUuImAxWBiT8DKJA","TRUE","none","0","2020-09-04T18:09:25Z","2020-09-04T18:09:25Z","Ugyys76M-C4zGKhPch54AaABAg",NA,NA
"Se28XHI2_xE","Excellent!. Well explained.","Excellent!. Well explained.","cordis9999","https://yt3.ggpht.com/ytc/AL5GRJUg5INcwu4fZT9KtnZx6wM6HLvO5_5mCIfGp2JU=s48-c-k-c0x00ffffff-no-rj","http://www.youtube.com/channel/UCPewE8zdnGpBTDPBgTwr4zw","UCPewE8zdnGpBTDPBgTwr4zw","TRUE","none","0","2020-08-09T05:12:22Z","2020-08-09T05:12:22Z","UgwykX68uyYwCV9jnjx4AaABAg",NA,NA
"Se28XHI2_xE","I see a LOT of compliments in the comments. I don&#39;t get it. <br><br>I&#39;m not the slightest bit convinced you understood even a single one of the topics you explained. Even the diagrams were clesrly ones you &quot;regurgitated&quot; from lectures no doubt RAMMED down your throat by teachers equally-confused but intolerant of being questioned by you or other students. <br><br>And so you&#39;re now merely PROPAGATING the bad lessons you badly lesrned from bad teachers...all in an attempt to be perceived as &quot;gurus&quot;. Gosh this is fatiguing. <br><br>As a Data Scientist going back DECADES, I offer you this friendly challenge: <br>START OVER.<br>START EMPTY<br>REGURGITATE NOTHING.<br><br>I DARE you to stsnd at an EMPTY board and in your OWN words, your OWN illustrations attempt to explain those SAME topics.<br><br>Then you&#39;ll realize whether you GENUINELY UNDERSTAND the concepts you&#39;re professing to know...<br>...or if you&#39;re just another parrot in an ever- growing FLOCK of parrots all making videos and claiming expertise, when in reality you just know how to &quot;run some code&quot; that someone else developed, and luckily you only have ro fool some custoneds who can&#39;t tell the difference...<br><br>-old fart data scientist (since before Al Gore invented The Internet)","I see a LOT of compliments in the comments. I don't get it. 

I'm not the slightest bit convinced you understood even a single one of the topics you explained. Even the diagrams were clesrly ones you ""regurgitated"" from lectures no doubt RAMMED down your throat by teachers equally-confused but intolerant of being questioned by you or other students. 

And so you're now merely PROPAGATING the bad lessons you badly lesrned from bad teachers...all in an attempt to be perceived as ""gurus"". Gosh this is fatiguing. 

As a Data Scientist going back DECADES, I offer you this friendly challenge: 
START OVER.
START EMPTY
REGURGITATE NOTHING.

I DARE you to stsnd at an EMPTY board and in your OWN words, your OWN illustrations attempt to explain those SAME topics.

Then you'll realize whether you GENUINELY UNDERSTAND the concepts you're professing to know...
...or if you're just another parrot in an ever- growing FLOCK of parrots all making videos and claiming expertise, when in reality you just know how to ""run some code"" that someone else developed, and luckily you only have ro fool some custoneds who can't tell the difference...

-old fart data scientist (since before Al Gore invented The Internet)","VOGTLAND OUTDOORS","https://yt3.ggpht.com/ytc/AL5GRJUCEmuO9rXLHgQPFmq6BPLac91fHAqIG08nrzz7=s48-c-k-c0x00ffffff-no-rj","http://www.youtube.com/channel/UC2LI0kZd_KW9PcACtKawX3g","UC2LI0kZd_KW9PcACtKawX3g","TRUE","none","2","2020-07-30T09:08:04Z","2020-07-30T09:08:04Z","UgwCGj_Nsq6Ha7t-my94AaABAg",NA,NA
"Se28XHI2_xE","what are the exact names and tools for clustering methods in deep learning?","what are the exact names and tools for clustering methods in deep learning?","Sajjad Dehghani","https://yt3.ggpht.com/ytc/AL5GRJV2n9AaHJVTvYcn7MV1XJtn1_0ZgVAHgif8o3mskg=s48-c-k-c0x00ffffff-no-rj","http://www.youtube.com/channel/UC8KU63UBfpjRtn4NS4JSUeg","UC8KU63UBfpjRtn4NS4JSUeg","TRUE","none","0","2020-07-28T14:28:01Z","2020-07-28T14:28:01Z","Ugy3vTZMGSbq_MfQIPx4AaABAg",NA,NA
"Se28XHI2_xE","Helpfull dear","Helpfull dear","sohan Sharma","https://yt3.ggpht.com/ytc/AL5GRJUTC7zQCp2RXShzLSNBqZbbYY3WcSFaYJyELCHhKg=s48-c-k-c0x00ffffff-no-rj","http://www.youtube.com/channel/UCADuoFwBgLNxk44JeR23BfA","UCADuoFwBgLNxk44JeR23BfA","TRUE","none","0","2020-07-27T05:46:11Z","2020-07-27T05:46:11Z","Ugyter_7Wm8tjfYviJV4AaABAg",NA,NA
"Se28XHI2_xE","Thanks a lot .","Thanks a lot .","Samia Gharib","https://yt3.ggpht.com/ytc/AL5GRJVM55om4U54OP_-6YoI76Y5ol8XBwTlFT-4FA=s48-c-k-c0x00ffffff-no-rj","http://www.youtube.com/channel/UCk8iSwv0F2Hw3WPY9McLTZA","UCk8iSwv0F2Hw3WPY9McLTZA","TRUE","none","0","2020-07-25T10:38:08Z","2020-07-25T10:38:08Z","UgxF29vkJzfYmsoPCNV4AaABAg",NA,NA
"Se28XHI2_xE","very helpful, thanks heaps","very helpful, thanks heaps","101GreenPerson","https://yt3.ggpht.com/ytc/AL5GRJV4fy-xfGVhhafD_8tSJTLRPIgLuhYqPtoo=s48-c-k-c0x00ffffff-no-rj","http://www.youtube.com/channel/UC4d0faQJA6AzomNITvJE75g","UC4d0faQJA6AzomNITvJE75g","TRUE","none","0","2020-07-24T04:40:41Z","2020-07-24T04:40:41Z","UgzWoQfmndRf79chzmZ4AaABAg",NA,NA
"Se28XHI2_xE","see this also;<br><a href=""https://www.youtube.com/watch?v=YGg0EIGSYNI&amp;t=1s"">https://www.youtube.com/watch?v=YGg0EIGSYNI&amp;t=1s</a>","see this also;
https://www.youtube.com/watch?v=YGg0EIGSYNI&t=1s","TEKNOWLOGY CHANNEL","https://yt3.ggpht.com/ytc/AL5GRJU4GAZgCFaVIOtRRjH4VLE_tCuEpPvxnL_QVFFt=s48-c-k-c0x00ffffff-no-rj","http://www.youtube.com/channel/UC-CGxV1HuTOqKyimlzffkiA","UC-CGxV1HuTOqKyimlzffkiA","TRUE","none","0","2020-07-01T08:14:03Z","2020-07-01T08:14:03Z","Ugxjall8eExSXJDQWHN4AaABAg",NA,NA
"Se28XHI2_xE","This was really helpful!","This was really helpful!","Krystal Benko","https://yt3.ggpht.com/ytc/AL5GRJW03uO2dEf5I9bDjaGauxaTffWRQG6YX1GeBiC2jI0=s48-c-k-c0x00ffffff-no-rj","http://www.youtube.com/channel/UCcktQkR2pWwwnw4JmQFVSTw","UCcktQkR2pWwwnw4JmQFVSTw","TRUE","none","5","2020-06-05T17:00:34Z","2020-06-05T17:00:34Z","UgyJQ308jRnWvc2jpKB4AaABAg",NA,NA
"Se28XHI2_xE","Very informative video Ms.Jones <br>Can share light on example algorithms for Density and Distribution clustering.<br>Like Kmeans for centroid and Hierarchical clustering for connectivity clusterings.","Very informative video Ms.Jones 
Can share light on example algorithms for Density and Distribution clustering.
Like Kmeans for centroid and Hierarchical clustering for connectivity clusterings.","shhiv ram","https://yt3.ggpht.com/ytc/AL5GRJW-Uc1wYSVI8xgiqTuSdg8PgvbLqGK0iFATCU2lZg=s48-c-k-c0x00ffffff-no-rj","http://www.youtube.com/channel/UCgQmj0fHvVWk3Fn-JPGfx2Q","UCgQmj0fHvVWk3Fn-JPGfx2Q","TRUE","none","2","2020-05-31T13:47:15Z","2020-05-31T13:47:15Z","UgzAts21Lfm2XQYuf6p4AaABAg",NA,NA
"Se28XHI2_xE","Nicely explained........now I am clear about which method to use","Nicely explained........now I am clear about which method to use","Satinder Kaur","https://yt3.ggpht.com/ytc/AL5GRJUQLO1qJUupoIDfqwZBC10bhrQ0omeOpjRoNUYgHA=s48-c-k-c0x00ffffff-no-rj","http://www.youtube.com/channel/UC0KnxFRVnMulUScb5-_cXmg","UC0KnxFRVnMulUScb5-_cXmg","TRUE","none","0","2020-05-27T09:17:56Z","2020-05-27T09:18:32Z","UgwIWBVbyBMgNleKNTt4AaABAg",NA,NA
"Se28XHI2_xE","Keep up the good work I really love your content","Keep up the good work I really love your content","yahya zahlane","https://yt3.ggpht.com/ytc/AL5GRJUrAJY-YtV48tCIEbz5s5Ms2THv42KjPlpQLloaaQ=s48-c-k-c0x00ffffff-no-rj","http://www.youtube.com/channel/UCONi7-uMzC-E9BFKHlShMXg","UCONi7-uMzC-E9BFKHlShMXg","TRUE","none","1","2020-05-24T06:19:55Z","2020-05-24T06:19:55Z","UgzKDNbcV_pBdTP8ZSd4AaABAg",NA,NA
"Se28XHI2_xE","Great","Great","Important","https://yt3.ggpht.com/c-HiTXHKc07vCx6s4tfLn66OwzzgGKdt_VZ2BL6p--EjaWR6thpWnS7KERR1E7LmD4MOVKEtY40=s48-c-k-c0x00ffffff-no-rj","http://www.youtube.com/channel/UCZVv03LIvx80m4I8H0639Rw","UCZVv03LIvx80m4I8H0639Rw","TRUE","none","0","2020-04-18T04:26:56Z","2020-04-18T04:26:56Z","UgxWZIgvvKoEo_DMHXB4AaABAg",NA,NA
"Se28XHI2_xE","it is disgusting how people keep making this lip sucking or kissing sound while they are talking ‚Ä¶ I couldn&#39;t make it to the end of the video","it is disgusting how people keep making this lip sucking or kissing sound while they are talking ‚Ä¶ I couldn't make it to the end of the video","Basel Abu Obeid","https://yt3.ggpht.com/ytc/AL5GRJW98zui3gLRkzUYBYVi-goDayBB0_qxSL1Iasym=s48-c-k-c0x00ffffff-no-rj","http://www.youtube.com/channel/UCAIrhNlWC0OeGW0NYHn3zxw","UCAIrhNlWC0OeGW0NYHn3zxw","TRUE","none","0","2020-04-01T19:42:50Z","2020-04-01T19:42:50Z","UgyHlMSgwn9Wqpw65cF4AaABAg",NA,NA
"Se28XHI2_xE","Wodrful keep it up","Wodrful keep it up","Rushikesh Bulbule","https://yt3.ggpht.com/ytc/AL5GRJUHUC6jroVLgH46CMViHwQQlX-_bfj5xeDn1CTWwg=s48-c-k-c0x00ffffff-no-rj","http://www.youtube.com/channel/UCrabdzc8O2MvKVEryjvwpzA","UCrabdzc8O2MvKVEryjvwpzA","TRUE","none","0","2020-03-31T11:22:44Z","2020-03-31T11:22:44Z","UgyK9k6OCX36JzIgq1h4AaABAg",NA,NA
"Se28XHI2_xE","Great video thanks!","Great video thanks!","Erich_L","https://yt3.ggpht.com/rK37N1Gv08remz5ThN5lupuw3ev-bDjenvhCc78OhGK8da0uAkqis3jM5hvIwCo8cGt2pEDKBg=s48-c-k-c0x00ffffff-no-rj","http://www.youtube.com/channel/UC_uNyzyHqTEZE371W2N0eKw","UC_uNyzyHqTEZE371W2N0eKw","TRUE","none","0","2020-03-06T13:19:34Z","2020-03-06T13:19:34Z","UgwfJwi7s5m5s1ThVvl4AaABAg",NA,NA
"Se28XHI2_xE","Nicely explained!But why do some teachers have to be  so attractive!!Its distractive for some people!!...:)","Nicely explained!But why do some teachers have to be  so attractive!!Its distractive for some people!!...:)","Spirituality is Understanding","https://yt3.ggpht.com/ytc/AL5GRJX-yAGR8NjhJBN546Xg1azsImfh-TDkj4K3_A=s48-c-k-c0x00ffffff-no-rj","http://www.youtube.com/channel/UCNkw9YLfdtmMLYYtHLHeahw","UCNkw9YLfdtmMLYYtHLHeahw","TRUE","none","3","2020-02-22T12:15:34Z","2020-02-22T12:15:34Z","UgxbZBKMPzZ1LOu-m1l4AaABAg",NA,NA
"Se28XHI2_xE","I love you vary mach . Pleg marrie me","I love you vary mach . Pleg marrie me","WASXI","https://yt3.ggpht.com/q3s_H-7tJXq0ADZFAj0cPE-8VgKmMb9GZaqaKa32R4uciCUhuCXIppFkgaeCYpoNQ3KlviNI=s48-c-k-c0x00ffffff-no-rj","http://www.youtube.com/channel/UCqHGby2O0pv8RUfmoj4iLyw","UCqHGby2O0pv8RUfmoj4iLyw","TRUE","none","0","2019-11-30T15:42:18Z","2019-11-30T15:42:18Z","Ugx_YezMgXZXkeE-PVd4AaABAg",NA,NA
"Se28XHI2_xE","I love you","I love you","WASXI","https://yt3.ggpht.com/q3s_H-7tJXq0ADZFAj0cPE-8VgKmMb9GZaqaKa32R4uciCUhuCXIppFkgaeCYpoNQ3KlviNI=s48-c-k-c0x00ffffff-no-rj","http://www.youtube.com/channel/UCqHGby2O0pv8RUfmoj4iLyw","UCqHGby2O0pv8RUfmoj4iLyw","TRUE","none","0","2019-11-30T15:41:53Z","2019-11-30T15:41:53Z","UgzoJODvCjKPZfdM7494AaABAg",NA,NA
"Se28XHI2_xE","Keep doing good work Ms.","Keep doing good work Ms.","AKM Digital","https://yt3.ggpht.com/ytc/AL5GRJWNwslmXxN73_i76JF0UcDAvwXhAdyaZMaF0xU2uQ=s48-c-k-c0x00ffffff-no-rj","http://www.youtube.com/channel/UCrHOBK4ItvNS9sgeSi7SA2w","UCrHOBK4ItvNS9sgeSi7SA2w","TRUE","none","1","2019-11-22T18:58:50Z","2019-11-22T18:58:50Z","UgwD6y9bVfx0WUMSE5B4AaABAg",NA,NA
"Se28XHI2_xE","Good explanation","Good explanation","AKM Digital","https://yt3.ggpht.com/ytc/AL5GRJWNwslmXxN73_i76JF0UcDAvwXhAdyaZMaF0xU2uQ=s48-c-k-c0x00ffffff-no-rj","http://www.youtube.com/channel/UCrHOBK4ItvNS9sgeSi7SA2w","UCrHOBK4ItvNS9sgeSi7SA2w","TRUE","none","0","2019-11-22T18:57:10Z","2019-11-22T18:57:10Z","UgwTAgpkhxq5JPbyh894AaABAg",NA,NA
"Se28XHI2_xE","u speak very fast so i can&quot;t understand","u speak very fast so i can""t understand","Naeem Hussain","https://yt3.ggpht.com/ytc/AL5GRJV1ceXATsCLMCC8NRHYwVXZB_ygMUmKsPacB8n4=s48-c-k-c0x00ffffff-no-rj","http://www.youtube.com/channel/UCeTxbeWJhQ9MaWh6-8_Z54Q","UCeTxbeWJhQ9MaWh6-8_Z54Q","TRUE","none","0","2019-11-21T06:15:45Z","2019-11-21T06:15:45Z","UgzIm9jqTNRsonob2X54AaABAg",NA,NA
"Se28XHI2_xE","I am really thankful for your so great and understandable teaching about the topic. Also I appreciate your positive energy. <br>Wish the best for you Tessa.","I am really thankful for your so great and understandable teaching about the topic. Also I appreciate your positive energy. 
Wish the best for you Tessa.","ŸéArman Sh","https://yt3.ggpht.com/ytc/AL5GRJVd_e3TAFcIFYR2zFw0sWnzAFLkzsiWK7nDaw=s48-c-k-c0x00ffffff-no-rj","http://www.youtube.com/channel/UCtbXUEgd9WHwDof30p555-w","UCtbXUEgd9WHwDof30p555-w","TRUE","none","21","2019-11-10T17:25:53Z","2019-11-10T17:25:53Z","UgyfupShW__FDrHYNo94AaABAg",NA,NA
"Se28XHI2_xE","nice teaching. actually i was admiring your face. how pretty you are!!!!","nice teaching. actually i was admiring your face. how pretty you are!!!!","Lokeshwar PG","https://yt3.ggpht.com/ytc/AL5GRJXJvX9Cfq77njg-e-X38NjulxK7rpY7hUMcCw=s48-c-k-c0x00ffffff-no-rj","http://www.youtube.com/channel/UC_6TtOnu7kQ3K7cFtXEG2Ag","UC_6TtOnu7kQ3K7cFtXEG2Ag","TRUE","none","1","2019-10-28T18:33:19Z","2019-10-28T18:33:19Z","Ugzke4xfBszatcsv0Xl4AaABAg",NA,NA
"Se28XHI2_xE","nice explanation. Would be much much better to have pros and cons of each of them and how expensive they are.","nice explanation. Would be much much better to have pros and cons of each of them and how expensive they are.","Yeldos Balgabekov","https://yt3.ggpht.com/ytc/AL5GRJVNCxL1OcwREXFnGQpIol2Kt9w_U6B11gvnE1gqmic=s48-c-k-c0x00ffffff-no-rj","http://www.youtube.com/channel/UC6TWZR9vX5SCRCvu2anvYLQ","UC6TWZR9vX5SCRCvu2anvYLQ","TRUE","none","2","2019-08-31T09:13:03Z","2019-08-31T09:13:03Z","Ugy0nt-glf2xeoMT8dZ4AaABAg",NA,NA
"Se28XHI2_xE","Do you have more videos on Connectivity Clustering","Do you have more videos on Connectivity Clustering","Z T Oza","https://yt3.ggpht.com/ytc/AL5GRJXjZBdypbkX2JJiBzV_J6GzlKYO17sfBlMbwN-qQAw=s48-c-k-c0x00ffffff-no-rj","http://www.youtube.com/channel/UCKIeAmI55M-ocIZxBDur_zg","UCKIeAmI55M-ocIZxBDur_zg","TRUE","none","3","2019-08-19T15:41:50Z","2019-08-19T15:41:50Z","Ugyu9QnouUU1fXGX1r94AaABAg",NA,NA
"Se28XHI2_xE","A great example for explanation. Really liked the teaching method. Subscribed.","A great example for explanation. Really liked the teaching method. Subscribed.","Vineet Jha","https://yt3.ggpht.com/ytc/AL5GRJWd22VmJ4T-tEPTbvgSRVc_0Kbmx4OcEv18XFqv3Qg=s48-c-k-c0x00ffffff-no-rj","http://www.youtube.com/channel/UCOuOfS9D_PiuA2UriQCxm3w","UCOuOfS9D_PiuA2UriQCxm3w","TRUE","none","2","2019-08-10T11:13:50Z","2019-08-10T11:13:50Z","UgyM70SZ3_bOzsupWKd4AaABAg",NA,NA
"Se28XHI2_xE","Nice video","Nice video","Meghana Reddy","https://yt3.ggpht.com/ytc/AL5GRJVGcfKvdL1v6gcVTOMNyhv5wBcvMrAzY-YMow=s48-c-k-c0x00ffffff-no-rj","http://www.youtube.com/channel/UCpeboUAyqGPHAnxZJEgNQTw","UCpeboUAyqGPHAnxZJEgNQTw","TRUE","none","1","2019-06-11T19:22:50Z","2019-06-11T19:22:50Z","UgzAOhLLFWTJ2H5SXDV4AaABAg",NA,NA
"Se28XHI2_xE","Supb","Supb","Arun Pal","https://yt3.ggpht.com/ytc/AL5GRJWDu8k_IlJYwQzYdZczAuy8creb_XtkK9lVQOyjeQ=s48-c-k-c0x00ffffff-no-rj","http://www.youtube.com/channel/UCQeV3POnn4x17L9_c-afjWA","UCQeV3POnn4x17L9_c-afjWA","TRUE","none","1","2019-05-12T03:29:11Z","2019-05-12T03:29:11Z","UgzjdSfdD2aQEg3Xxyx4AaABAg",NA,NA
"Se28XHI2_xE","Nice explanation","Nice explanation","Manikanta Nissankara","https://yt3.ggpht.com/ytc/AL5GRJXZQ-HLuGG0ElEszaNfSJg6P56DCY8Y1DtmHcpnNyc=s48-c-k-c0x00ffffff-no-rj","http://www.youtube.com/channel/UCSJTDczsaRsBsZZjaoqxq-w","UCSJTDczsaRsBsZZjaoqxq-w","TRUE","none","3","2019-04-17T00:19:52Z","2019-04-17T00:19:52Z","UgzzCLRs2ejqRW0SGFh4AaABAg",NA,NA
"Se28XHI2_xE","use underlying assumptions of cluster generation processes","use underlying assumptions of cluster generation processes","Stepan Ru","https://yt3.ggpht.com/ytc/AL5GRJV3_XK8RRnDDtO5szqwbl9BCAt-dKZymI1B8ezB=s48-c-k-c0x00ffffff-no-rj","http://www.youtube.com/channel/UCKKZrUZp2ZTGaQTTN-TJ7Fw","UCKKZrUZp2ZTGaQTTN-TJ7Fw","TRUE","none","0","2022-05-22T10:38:15Z","2022-05-22T10:38:15Z","UgylBQra16GCe_GzIXN4AaABAg.9Gg64F6VvZ89bKNBGimLH-","UgylBQra16GCe_GzIXN4AaABAg",NA
"Se28XHI2_xE","I am curious too","I am curious too","Ray Chally","https://yt3.ggpht.com/ytc/AL5GRJUZkcnzdn8aw5MAnoGitudOsUdKS11JeUEmdQJwuQ=s48-c-k-c0x00ffffff-no-rj","http://www.youtube.com/channel/UCAJbZzjd0mSVRKeV5DXF1Eg","UCAJbZzjd0mSVRKeV5DXF1Eg","TRUE","none","1","2021-08-28T13:43:43Z","2021-08-28T13:43:43Z","UgylBQra16GCe_GzIXN4AaABAg.9Gg64F6VvZ89RaCA1DvL66","UgylBQra16GCe_GzIXN4AaABAg",NA
"Se28XHI2_xE","Have you ever found an answer to this question? I am curious as well.","Have you ever found an answer to this question? I am curious as well.","Blake F.","https://yt3.ggpht.com/ytc/AL5GRJXxcd2ysrfewmDSyU8duJt9KFiFXUu8PB297A07eVk=s48-c-k-c0x00ffffff-no-rj","http://www.youtube.com/channel/UCcWa4773ASxYSyXTRvX2nvQ","UCcWa4773ASxYSyXTRvX2nvQ","TRUE","none","1","2021-07-20T03:43:41Z","2021-07-20T03:43:41Z","UgylBQra16GCe_GzIXN4AaABAg.9Gg64F6VvZ89Q-hV8PP6IG","UgylBQra16GCe_GzIXN4AaABAg",NA
"Se28XHI2_xE","Same here. Waiting for detail course on Data Science","Same here. Waiting for detail course on Data Science","Omkar Raorane","https://yt3.ggpht.com/ytc/AL5GRJWRWLL-sVbBWq_liDu6tt38elHkrnUlx81jhZRrew=s48-c-k-c0x00ffffff-no-rj","http://www.youtube.com/channel/UCTnWc-Hku4_Rm8s8ORiHAmw","UCTnWc-Hku4_Rm8s8ORiHAmw","TRUE","none","1","2021-01-22T07:19:35Z","2021-01-22T07:19:35Z","Ugz4bbeBV9nRSN2eL214AaABAg.9GKeaUMJQ5d9IoAuqLnRAw","Ugz4bbeBV9nRSN2eL214AaABAg",NA
"Se28XHI2_xE","@Rohit Nirmal I suppose I deserved that, but I&#39;ll leave you with this: if all you seek is false praise from your buddies...<br>...I think you&#39;re capable of more. <br><br>But go ahead - prove me wrong ;-)","@Rohit Nirmal I suppose I deserved that, but I'll leave you with this: if all you seek is false praise from your buddies...
...I think you're capable of more. 

But go ahead - prove me wrong ;-)","VOGTLAND OUTDOORS","https://yt3.ggpht.com/ytc/AL5GRJUCEmuO9rXLHgQPFmq6BPLac91fHAqIG08nrzz7=s48-c-k-c0x00ffffff-no-rj","http://www.youtube.com/channel/UC2LI0kZd_KW9PcACtKawX3g","UC2LI0kZd_KW9PcACtKawX3g","TRUE","none","0","2020-10-16T13:01:03Z","2020-10-16T13:01:03Z","UgwCGj_Nsq6Ha7t-my94AaABAg.9BjBQHcDK1u9EsS54ZisCy","UgwCGj_Nsq6Ha7t-my94AaABAg",NA
"Se28XHI2_xE","Dude, get a life!","Dude, get a life!","Rohit Nirmal","https://yt3.ggpht.com/ytc/AL5GRJX2glxrFzsc--ngXBR14z4L4z3cs5pz7OWZFA=s48-c-k-c0x00ffffff-no-rj","http://www.youtube.com/channel/UCTD1p5yTVLCbfU139nOlAdw","UCTD1p5yTVLCbfU139nOlAdw","TRUE","none","0","2020-10-15T21:29:23Z","2020-10-15T21:29:23Z","UgwCGj_Nsq6Ha7t-my94AaABAg.9BjBQHcDK1u9EqmTN-Eg1z","UgwCGj_Nsq6Ha7t-my94AaABAg",NA
"Se28XHI2_xE","i was here to ask the same question","i was here to ask the same question","Juan","https://yt3.ggpht.com/ytc/AL5GRJWpYfMSppxb6loHyClYmqtuawpD6ZXzxR8C3G08ew=s48-c-k-c0x00ffffff-no-rj","http://www.youtube.com/channel/UCsZZPfjM6HRFalxU5_TuieQ","UCsZZPfjM6HRFalxU5_TuieQ","TRUE","none","0","2020-10-15T10:30:31Z","2020-10-15T10:30:31Z","UgzAts21Lfm2XQYuf6p4AaABAg.99KBfev87NO9Epb3b48iNd","UgzAts21Lfm2XQYuf6p4AaABAg",NA
"Se28XHI2_xE","I&#39;m sorry she was our tutor for 9 minutes","I'm sorry she was our tutor for 9 minutes","ANIRUDH SHANKAR KHEDKER","https://yt3.ggpht.com/ytc/AL5GRJWG6GKhKFVLqAQ0vUtMXoOeW1Yg3PjCr2gO1jvhxw=s48-c-k-c0x00ffffff-no-rj","http://www.youtube.com/channel/UCD3sx6mYFqGLjgWHF5xtLZA","UCD3sx6mYFqGLjgWHF5xtLZA","TRUE","none","0","2020-04-17T07:54:00Z","2020-04-17T07:54:00Z","UgxbZBKMPzZ1LOu-m1l4AaABAg.95L6UWA07tz97YGGvnpfS4","UgxbZBKMPzZ1LOu-m1l4AaABAg",NA
"Se28XHI2_xE","Your English spellings üòÇü§£üòÜ","Your English spellings üòÇü§£üòÜ","Akansha Chaudhary","https://yt3.ggpht.com/ytc/AL5GRJW5kJpqhXfzXg5l8zzvwUQvH_g9WfQ54ccO5BEYLw=s48-c-k-c0x00ffffff-no-rj","http://www.youtube.com/channel/UC0GRJaCMSTDYSwKOyHnyXmA","UC0GRJaCMSTDYSwKOyHnyXmA","TRUE","none","0","2020-10-31T10:55:28Z","2020-10-31T10:55:28Z","Ugx_YezMgXZXkeE-PVd4AaABAg.91yBN8tmb1N9FTqdPOBjIz","Ugx_YezMgXZXkeE-PVd4AaABAg",NA
"Se28XHI2_xE","I&#39;m sorry she was like your sister","I'm sorry she was like your sister","ANIRUDH SHANKAR KHEDKER","https://yt3.ggpht.com/ytc/AL5GRJWG6GKhKFVLqAQ0vUtMXoOeW1Yg3PjCr2gO1jvhxw=s48-c-k-c0x00ffffff-no-rj","http://www.youtube.com/channel/UCD3sx6mYFqGLjgWHF5xtLZA","UCD3sx6mYFqGLjgWHF5xtLZA","TRUE","none","1","2020-04-17T07:54:53Z","2020-04-17T07:54:53Z","Ugx_YezMgXZXkeE-PVd4AaABAg.91yBN8tmb1N97YGNOdH_qy","Ugx_YezMgXZXkeE-PVd4AaABAg",NA
"Se28XHI2_xE","Playback at 0.75 in that case","Playback at 0.75 in that case","mohammed taher","https://yt3.ggpht.com/ytc/AL5GRJXMu-rRnqhlOsHLfIPEIltwLcHsEvCtbnnONkNZkw=s48-c-k-c0x00ffffff-no-rj","http://www.youtube.com/channel/UCqrPfdX5tXoMTwWr4NINN3g","UCqrPfdX5tXoMTwWr4NINN3g","TRUE","none","1","2020-04-11T12:29:01Z","2020-04-11T12:29:01Z","UgzIm9jqTNRsonob2X54AaABAg.91a-NjZxlKO97JIyxq9Adb","UgzIm9jqTNRsonob2X54AaABAg",NA
"Se28XHI2_xE","You can&#39;t understand because your english is not good. Sorry","You can't understand because your english is not good. Sorry","Burak Arslan","https://yt3.ggpht.com/ytc/AL5GRJVPULGh9SC-sZstmN0fd2G_j_EURqArTCalYqlP7w=s48-c-k-c0x00ffffff-no-rj","http://www.youtube.com/channel/UCFgi4NB3ysF71gzvUjH2mKw","UCFgi4NB3ysF71gzvUjH2mKw","TRUE","none","3","2019-12-31T18:45:52Z","2019-12-31T18:45:52Z","UgzIm9jqTNRsonob2X54AaABAg.91a-NjZxlKO93DL0qQAsO-","UgzIm9jqTNRsonob2X54AaABAg",NA
"Se28XHI2_xE","I&#39;m sorry she was our tutor for 9 minutes","I'm sorry she was our tutor for 9 minutes","ANIRUDH SHANKAR KHEDKER","https://yt3.ggpht.com/ytc/AL5GRJWG6GKhKFVLqAQ0vUtMXoOeW1Yg3PjCr2gO1jvhxw=s48-c-k-c0x00ffffff-no-rj","http://www.youtube.com/channel/UCD3sx6mYFqGLjgWHF5xtLZA","UCD3sx6mYFqGLjgWHF5xtLZA","TRUE","none","0","2020-04-17T07:54:25Z","2020-04-17T07:54:25Z","Ugzke4xfBszatcsv0Xl4AaABAg.90dWhq26GON97YGJxKgPcK","Ugzke4xfBszatcsv0Xl4AaABAg",NA
